{"cameraMode":{"drawMode":0,"name":"Shaded","section":"Shading Mode"},"sceneLighting":false,"audioPlay":false,"sceneViewState":{"showFog":true,"showMaterialUpdate":false,"showSkybox":true,"showFlares":true,"showImageEffects":true,"showParticleSystems":true},"in2DMode":false,"pivot":{"x":-1513.907470703125,"y":-1128.816650390625,"z":313.7565612792969},"rotation":{"x":-0.16485247015953065,"y":0.7210373878479004,"z":-0.18358151614665986,"w":-0.6474772095680237},"size":2902.38671875,"orthographic":false}