{"cameraMode":{"drawMode":0,"name":"Shaded","section":"Shading Mode"},"sceneLighting":true,"audioPlay":false,"sceneViewState":{"showFog":true,"showMaterialUpdate":false,"showSkybox":true,"showFlares":true,"showImageEffects":true,"showParticleSystems":true},"in2DMode":false,"pivot":{"x":130.2261199951172,"y":-27.392242431640626,"z":-30.264404296875},"rotation":{"x":0.008267650380730629,"y":0.9917312860488892,"z":-0.08980727940797806,"w":0.09129853546619415},"size":885.867919921875,"orthographic":false}