{"cameraMode":{"drawMode":0,"name":"Shaded","section":"Shading Mode"},"sceneLighting":false,"audioPlay":false,"sceneViewState":{"showFog":false,"showMaterialUpdate":false,"showSkybox":true,"showFlares":true,"showImageEffects":true,"showParticleSystems":true},"in2DMode":false,"pivot":{"x":-10.748208999633789,"y":1476.2822265625,"z":321.0217590332031},"rotation":{"x":0.24140572547912599,"y":0.02853545919060707,"z":-0.007101127412170172,"w":0.9699786901473999},"size":337.1181335449219,"orthographic":false}