{"cameraMode":{"drawMode":0,"name":"Shaded","section":"Shading Mode"},"sceneLighting":false,"audioPlay":false,"sceneViewState":{"showFog":false,"showMaterialUpdate":false,"showSkybox":true,"showFlares":true,"showImageEffects":true,"showParticleSystems":true},"in2DMode":false,"pivot":{"x":24.256202697753908,"y":1549.5457763671875,"z":209.9878692626953},"rotation":{"x":0.13397307693958283,"y":0.02022034488618374,"z":-0.0027348657604306938,"w":0.990774929523468},"size":21.86775779724121,"orthographic":false}