{"cameraMode":{"drawMode":0,"name":"Shaded","section":"Shading Mode"},"sceneLighting":true,"audioPlay":false,"sceneViewState":{"showFog":false,"showMaterialUpdate":false,"showSkybox":true,"showFlares":true,"showImageEffects":true,"showParticleSystems":true},"in2DMode":false,"pivot":{"x":11.499914169311524,"y":-7.882118225097656,"z":525.7721557617188},"rotation":{"x":-0.03045545145869255,"y":-0.9437938928604126,"z":0.31633689999580386,"w":-0.09086598455905914},"size":105.76286315917969,"orthographic":false}