{"cameraMode":{"drawMode":0,"name":"Shaded","section":"Shading Mode"},"sceneLighting":false,"audioPlay":false,"sceneViewState":{"showFog":false,"showMaterialUpdate":false,"showSkybox":true,"showFlares":true,"showImageEffects":true,"showParticleSystems":true},"in2DMode":false,"pivot":{"x":-31.52936553955078,"y":181.3470001220703,"z":242.0355224609375},"rotation":{"x":-0.025487545877695085,"y":0.02758963778614998,"z":-0.000703678757417947,"w":-0.999294102191925},"size":197.20938110351563,"orthographic":false}