{"cameraMode":{"drawMode":0,"name":"Shaded","section":"Shading Mode"},"sceneLighting":false,"audioPlay":false,"sceneViewState":{"showFog":false,"showMaterialUpdate":false,"showSkybox":true,"showFlares":true,"showImageEffects":true,"showParticleSystems":true},"in2DMode":false,"pivot":{"x":25.28587532043457,"y":1549.0032958984375,"z":210.31105041503907},"rotation":{"x":0.10029400140047074,"y":-0.029851647093892099,"z":0.003010778222233057,"w":0.9945054054260254},"size":12.646384239196778,"orthographic":false}