{"cameraMode":{"drawMode":0,"name":"Shaded","section":"Shading Mode"},"sceneLighting":false,"audioPlay":false,"sceneViewState":{"showFog":false,"showMaterialUpdate":false,"showSkybox":true,"showFlares":true,"showImageEffects":true,"showParticleSystems":true},"in2DMode":false,"pivot":{"x":-0.70001220703125,"y":0.600006103515625,"z":295.5},"rotation":{"x":0.24868057668209077,"y":-0.025271305814385415,"z":0.006489986088126898,"w":0.968234121799469},"size":2333.452880859375,"orthographic":false}