{"cameraMode":{"drawMode":0,"name":"Shaded","section":"Shading Mode"},"sceneLighting":false,"audioPlay":false,"sceneViewState":{"showFog":false,"showMaterialUpdate":false,"showSkybox":true,"showFlares":true,"showImageEffects":true,"showParticleSystems":true},"in2DMode":false,"pivot":{"x":22.10451316833496,"y":1545.3465576171875,"z":210.9124755859375},"rotation":{"x":0.13043519854545594,"y":0.42452165484428408,"z":-0.06195059046149254,"w":0.8938289284706116},"size":5.857886791229248,"orthographic":false}